{
    "version": 2,
    "builds":[
        {
            "src": "ecommerce/wsgi.py",
            "use": "@vercel/python",
            "config": { "maxlambdaSize": "15mb", "runtime": "python3.9"}
    
        },
        {
            "src": "build_files.sh",
            "use": "@vercel/static-build",
            "config": {
                "distDir": "staticfiles"
            }
        }
    ],
    "routes":[
    {
        "src": "/static/(.*)",
        "dest": "/staticfiles/$1"
    },
    {
        "src": "/(.*)",
        "dest": "ecommerce/wsgi.py"
    }
]

}